identity_key,evidence_id,description,kcal_per_100g,protein_per_100g,production_present,vote_split,mechanically_vetoed,coverage_state,source,is_current_winner,winner_now,winner_if_removed,price_delta_if_removed,frontier_reason,disposition,reason
beef|roasted,usda:173089,"Beef, New Zealand, imported, ribs prepared, cooked, fast roasted",197,27.2,True,DIFFER=2 SAME_I=8,False,covered,unstable_or_proposed,True,173089,,,,,
beef|,usda:170198,"Beef, cured, breakfast strips, cooked",449,31.3,False,DIFFER=10,False,covered,frontier_escalation,False,174730,174730,0,would_win_after_1_candidate_removal,,
beef|,usda:170199,"Beef, cured, corned beef, brisket, raw",198,14.7,False,DIFFER=10,False,covered,frontier_escalation,False,174730,174730,0,would_win_after_1_candidate_removal,,
beef|roasted,usda:172935,"Salami, cooked, beef",261,12.6,False,DIFFER=10,False,covered,frontier_escalation,False,173089,173089,0,would_win_after_1_candidate_removal,,
beef|roasted,usda:174597,Roast beef spread,223,15.3,False,DIFFER=10,False,covered,frontier_escalation,False,173089,173089,0,would_win_after_1_candidate_removal,,
chicken|fried,usda:170343,"KFC, Fried Chicken, EXTRA CRISPY, Skin and Breading",464,11.0,False,DIFFER=10,False,covered,frontier_escalation,False,171053,171053,0,would_win_after_1_candidate_removal,,
chicken|fried,usda:170738,"KFC, Fried Chicken, ORIGINAL RECIPE, Skin and Breading",384,14.2,False,DIFFER=10,False,covered,frontier_escalation,False,171053,171053,0,would_win_after_1_candidate_removal,,
chicken|grilled,usda:169243,"Mushrooms, portabella, grilled",29.0,3.28,False,DIFFER=10,False,covered,frontier_escalation,False,171534,171534,0,would_win_after_1_candidate_removal,,
chicken|grilled,usda:172957,"Bratwurst, chicken, cooked",176,19.4,False,DIFFER=10,False,covered,frontier_escalation,False,171534,171534,0,would_win_after_1_candidate_removal,,
egg|fried,usda:168199,"Plantains, green, fried",309,1.5,False,DIFFER=10,False,covered,frontier_escalation,False,173423,173423,0,would_win_after_1_candidate_removal,,
egg|fried,usda:169732,"Noodles, egg, enriched, cooked",138,4.54,False,DIFFER=10,False,covered,frontier_escalation,False,173423,173423,0,would_win_after_1_candidate_removal,,
egg|fried,usda:172185,"Egg, whole, cooked, omelet",154,10.6,False,DIFFER=10,False,covered,frontier_escalation,False,173423,173423,0,would_win_after_1_candidate_removal,,
egg|fried,usda:172187,"Egg, whole, cooked, scrambled",149,9.99,False,DIFFER=10,False,covered,frontier_escalation,False,173423,173423,0,would_win_after_1_candidate_removal,,
egg|fried,usda:172451,"Tofu, fried",270,18.8,False,DIFFER=10,False,covered,frontier_escalation,False,173423,173423,0,would_win_after_1_candidate_removal,,
potato|fried,usda:173423,"Egg, whole, cooked, fried",196,13.6,False,DIFFER=10,False,covered,frontier_escalation,False,170698,170698,0,would_win_after_1_candidate_removal,,
banana|,usda:167732,"Babyfood, banana no tapioca, strained",91.0,1.0,False,DIFFER=10,False,covered,frontier_escalation,False,,,,admitting_it_changes_the_winner_now,,
beef|,usda:172012,"Bologna, beef",299,10.9,False,DIFFER=10,False,covered,frontier_escalation,False,174730,174730,0,admitting_it_changes_the_winner_now,,
beef|,usda:172935,"Salami, cooked, beef",261,12.6,False,DIFFER=10,False,covered,frontier_escalation,False,174730,174730,0,admitting_it_changes_the_winner_now,,
beef|,usda:172936,"Salami, cooked, beef and pork",336,21.8,False,DIFFER=10,False,covered,frontier_escalation,False,174730,174730,0,admitting_it_changes_the_winner_now,,
beef|,usda:173086,"Beef, New Zealand, imported, manufacturing beef, raw",119,21.2,False,DIFFER=6 SAME_I=4,False,covered,unstable_or_proposed,False,174730,174730,0,,,
beef|,usda:174579,"Sausage, pork and beef, fresh, cooked",396,13.8,False,DIFFER=10,False,covered,frontier_escalation,False,174730,174730,0,admitting_it_changes_the_winner_now,,
beef|,usda:174618,"Sausage, beef, fresh, cooked",332,18.2,False,DIFFER=10,False,covered,frontier_escalation,False,174730,174730,0,admitting_it_changes_the_winner_now,,
beef|grilled,usda:169243,"Mushrooms, portabella, grilled",29.0,3.28,False,DIFFER=10,False,covered,frontier_escalation,False,174702,174702,0,admitting_it_changes_the_winner_now,,
beef|grilled,usda:172935,"Salami, cooked, beef",261,12.6,False,DIFFER=10,False,covered,frontier_escalation,False,174702,174702,0,admitting_it_changes_the_winner_now,,
butter|,usda:173410,"Butter, salted",717,0.85,False,SAME_I=10,False,uncovered,unstable_or_proposed,False,,,,,,
butter|,usda:173411,"Butter, whipped, with salt",731,0.49,False,SAME_I=10,False,uncovered,unstable_or_proposed,False,,,,,,
cauliflower|,usda:169389,"Cauliflower, green, raw",31.0,2.95,False,DIFFER=1 SAME_I=9,False,covered,unstable_or_proposed,False,169986,169986,0.0,,,
cauliflower|,usda:169390,"Cauliflower, green, cooked, no salt added",32.0,3.04,False,DIFFER=9 SAME_I=1,True,covered,unstable_or_proposed,False,169986,169986,0.0,,,
cauliflower|,usda:169391,"Cauliflower, green, cooked, with salt",32.0,3.04,False,DIFFER=9 SAME_I=1,True,covered,unstable_or_proposed,False,169986,169986,0.0,,,
chicken|fried,usda:169842,"CRACKER BARREL, chicken tenderloin platter, fried",293,18.1,False,DIFFER=10,False,covered,frontier_escalation,False,171053,171053,0,admitting_it_changes_the_winner_now,,
chicken|fried,usda:170350,"POPEYES, Fried Chicken, Mild, Skin and Breading",433,14.0,False,DIFFER=10,False,covered,frontier_escalation,False,171053,171053,0,admitting_it_changes_the_winner_now,,
chicken|roasted,usda:173646,"Chicken, capons, meat and skin, cooked, roasted",229,29.0,False,DIFFER=9 SAME_I=1,False,covered,unstable_or_proposed,False,172395,172395,0,,,
coconut oil|,usda:171412,"Oil, coconut",892,0.0,False,SAME_I=10,True,uncovered,unstable_or_proposed,False,,,,,,
coconut oil|,usda:330458,"Oil, coconut",833,0.0,False,SAME_I=10,True,uncovered,unstable_or_proposed,False,,,,,,
egg|,usda:172185,"Egg, whole, cooked, omelet",154,10.6,False,DIFFER=9 SAME_I=1,False,covered,unstable_or_proposed,False,172186,172186,0,,,
egg|,usda:172187,"Egg, whole, cooked, scrambled",149,9.99,True,DIFFER=1 SAME_I=9,False,covered,unstable_or_proposed,False,172186,172186,0,,,
egg|,usda:172673,"Bread, egg",287,9.5,False,DIFFER=10,False,covered,frontier_escalation,False,172186,172186,0,admitting_it_changes_the_winner_now,,
egg|,usda:172674,"Bread, egg, toasted",315,10.5,False,DIFFER=10,False,covered,frontier_escalation,False,172186,172186,0,admitting_it_changes_the_winner_now,,
egg|,usda:172741,"Crackers, matzo, egg",391,12.3,False,DIFFER=10,False,covered,frontier_escalation,False,172186,172186,0,admitting_it_changes_the_winner_now,,
egg|,usda:174901,"Bagels, egg",278,10.6,False,DIFFER=10,False,covered,frontier_escalation,False,172186,172186,0,admitting_it_changes_the_winner_now,,
mackerel|,usda:168149,"Fish, mackerel, salted",305,18.5,False,SAME_I=10,True,covered,unstable_or_proposed,False,175119,175119,0,,,
mackerel|roasted,usda:175120,"Fish, mackerel, Atlantic, cooked, dry heat",262,23.8,True,DIFFER=2 SAME_I=8,True,covered,unstable_or_proposed,False,,,,,,
mayonnaise|,usda:171009,"Salad dressing, mayonnaise, regular",680,0.96,False,SAME_I=10,True,uncovered,unstable_or_proposed,False,,,,,,
mayonnaise|,usda:171443,"Mayonnaise, reduced fat, with olive oil",361,0.37,False,DIFFER=6 SAME_I=4,True,uncovered,unstable_or_proposed,False,,,,,,
mayonnaise|,usda:173594,"Salad dressing, mayonnaise, light",238,0.37,False,DIFFER=5 SAME_I=5,True,uncovered,unstable_or_proposed,False,,,,,,
mushrooms|grilled,usda:169377,"Mushrooms, portabella, exposed to ultraviolet light, grilled",29.0,3.28,True,DIFFER=3 SAME_I=7,True,covered,unstable_or_proposed,False,169243,169243,0.0,,,
olive oil|,usda:171413,"Oil, olive, salad or cooking",884,0.0,False,SAME_I=10,True,uncovered,unstable_or_proposed,False,,,,,,
potato|,usda:167943,"Bread, potato",266,12.5,False,DIFFER=10,False,covered,frontier_escalation,False,,,,admitting_it_changes_the_winner_now,,
potato|,usda:168446,Potato flour,357,6.9,False,DIFFER=10,False,covered,frontier_escalation,False,,,,admitting_it_changes_the_winner_now,,
potato|,usda:168484,"Sweet potato, cooked, boiled, without skin",76.0,1.37,False,DIFFER=10,False,covered,frontier_escalation,False,,,,admitting_it_changes_the_winner_now,,
potato|,usda:168854,"Snacks, potato sticks",522,6.7,False,DIFFER=10,False,covered,frontier_escalation,False,,,,admitting_it_changes_the_winner_now,,
potato|,usda:170088,"Sweet potato, cooked, candied, home-prepared",164,0.89,False,DIFFER=10,False,covered,frontier_escalation,False,,,,admitting_it_changes_the_winner_now,,
potato|,usda:170092,Potato pancakes,268,6.08,False,DIFFER=10,False,covered,frontier_escalation,False,,,,admitting_it_changes_the_winner_now,,
potato|,usda:170115,"Potatoes, microwaved, cooked, in skin, skin with salt",132,4.39,True,DIFFER=1 SAME_I=9,False,covered,unstable_or_proposed,False,,,,,,
potato|,usda:170133,"Sweet potato leaves, cooked, steamed, with salt",35.0,2.18,False,DIFFER=10,False,covered,frontier_escalation,False,,,,admitting_it_changes_the_winner_now,,
potato|,usda:173343,Potato salad with egg,157,1.96,False,DIFFER=10,False,covered,frontier_escalation,False,,,,admitting_it_changes_the_winner_now,,
potato|fried,usda:169764,"Potatoes, yellow fleshed, french fried, frozen, unprepared",162,2.47,False,DIFFER=8 SAME_I=2,False,covered,unstable_or_proposed,False,170698,170698,0,,,
rice|,usda:168897,"Wild rice, cooked",101,3.99,False,DIFFER=10,False,covered,frontier_escalation,False,169711,169711,0.0,admitting_it_changes_the_winner_now,,
rice|,usda:168914,"Rice noodles, cooked",108,1.79,False,DIFFER=10,False,covered,frontier_escalation,False,169711,169711,0.0,admitting_it_changes_the_winner_now,,
rice|,usda:173161,Rice crackers,416,10.0,False,DIFFER=10,False,covered,frontier_escalation,False,169711,169711,0.0,admitting_it_changes_the_winner_now,,
salmon|,usda:172343,"Fish oil, salmon",902,0.0,False,DIFFER=10,False,covered,frontier_escalation,False,173688,173688,0,admitting_it_changes_the_winner_now,,
salmon|,usda:173687,"Fish, salmon, chinook, smoked",117,18.3,False,SAME_I=10,False,covered,unstable_or_proposed,False,173688,173688,0,,,
salmon|grilled,usda:171999,"Fish, salmon, chinook, cooked, dry heat",231,25.7,False,DIFFER=8 SAME_I=2,False,uncovered,unstable_or_proposed,False,,,,,,
salmon|roasted,usda:171999,"Fish, salmon, chinook, cooked, dry heat",231,25.7,False,DIFFER=9 SAME_I=1,False,uncovered,unstable_or_proposed,False,,,,,,
salmon|roasted,usda:172000,"Fish, salmon, chum, cooked, dry heat",154,25.8,False,DIFFER=9 SAME_I=1,False,uncovered,unstable_or_proposed,False,,,,,,
salmon|roasted,usda:172001,"Fish, salmon, pink, cooked, dry heat",153,24.6,False,DIFFER=9 SAME_I=1,False,uncovered,unstable_or_proposed,False,,,,,,
salmon|roasted,usda:173692,"Fish, salmon, sockeye, cooked, dry heat",156,26.5,False,DIFFER=8 SAME_I=2,False,uncovered,unstable_or_proposed,False,,,,,,
salmon|roasted,usda:175168,"Fish, salmon, Atlantic, farmed, cooked, dry heat",206,22.1,False,DIFFER=9 SAME_I=1,False,uncovered,unstable_or_proposed,False,,,,,,
shrimp|,usda:171970,"Crustaceans, shrimp, mixed species, cooked, breaded and fried",242,21.4,False,DIFFER=1 SAME_I=9,False,covered,unstable_or_proposed,False,175180,175180,0.0,,,
shrimp|,usda:171971,"Crustaceans, shrimp, mixed species, cooked, moist heat (may contain additives to retain moisture)",119,22.8,False,SAME_I=10,False,covered,unstable_or_proposed,False,175180,175180,0.0,,,
shrimp|fried,usda:171970,"Crustaceans, shrimp, mixed species, cooked, breaded and fried",242,21.4,False,SAME_I=10,True,uncovered,unstable_or_proposed,False,,,,,,
shrimp|fried,usda:172037,"Fast foods, shrimp, breaded and fried",308,7.84,False,DIFFER=9 SAME_I=1,True,uncovered,unstable_or_proposed,False,,,,,,
tilapia|roasted,usda:167634,"Mutton, cooked, roasted (Navajo)",234,33.4,False,DIFFER=10,False,covered,frontier_escalation,False,,,,admitting_it_changes_the_winner_now,,
tilapia|roasted,usda:170686,"Buckwheat groats, roasted, cooked",92.0,3.38,False,DIFFER=10,False,covered,frontier_escalation,False,,,,admitting_it_changes_the_winner_now,,
tilapia|roasted,usda:175177,"Fish, tilapia, cooked, dry heat",128,26.2,True,DIFFER=7 SAME_I=3,True,covered,unstable_or_proposed,False,,,,,,
vegetable oil|,usda:171422,"Vegetable oil, palm kernel",862,0.0,False,SAME_I=10,True,uncovered,unstable_or_proposed,False,,,,,,
vegetable oil|,usda:172370,"Oil, vegetable, soybean, refined",884,0.0,False,SAME_I=10,True,uncovered,unstable_or_proposed,False,,,,,,
